[
  {
    "value": "1gb",
    "synonyms": [
      "1gb",
      "1 GB",
      "1 gigabyte",
      "1 gig",
      "1-gb"
    ]
  },
  {
    "value": "2gb",
    "synonyms": [
      "2gb",
      "2 GB",
      "2 gigabytes",
      "2 gigs",
      "2-gb"
    ]
  },
  {
    "value": "3gb",
    "synonyms": [
      "3gb",
      "3 GB",
      "3 gigabytes",
      "3 gigs",
      "3-gb"
    ]
  },
  {
    "value": "4gb",
    "synonyms": [
      "4gb",
      "4 GB",
      "4 gigabytes",
      "4 gigs",
      "4-gb"
    ]
  },
  {
    "value": "8gb",
    "synonyms": [
      "8gb",
      "8 GB",
      "8 gigabytes",
      "8 gigs",
      "8-gb"
    ]
  },
  {
    "value": "512mb",
    "synonyms": [
      "512mb",
      "512 MB",
      "512 megabytes",
      "512-mb",
      "0.5gb"
    ]
  },
  {
    "value": "614mb",
    "synonyms": [
      "614mb",
      "614 megabytes",
      "0.6gb"
    ]
  },
  {
    "value": "1.7gb",
    "synonyms": [
      "1.7gb",
      "1.7 gigabytes",
      "1.7 gigs"
    ]
  },
  {
    "value": "3.75gb",
    "synonyms": [
      "3.75gb",
      "3.75 gigabytes",
      "3.75 gigs"
    ]
  },
  {
    "value": "7.5gb",
    "synonyms": [
      "7.5gb",
      "7.5 gigabytes",
      "7.5 gigs"
    ]
  },
  {
    "value": "15gb",
    "synonyms": [
      "15gb",
      "15 gigabytes",
      "15 gigs"
    ]
  },
  {
    "value": "30gb",
    "synonyms": [
      "30gb",
      "30 gigabytes",
      "30 gigs"
    ]
  },
  {
    "value": "60gb",
    "synonyms": [
      "60gb",
      "60 gigabytes",
      "60 gigs"
    ]
  },
  {
    "value": "120gb",
    "synonyms": [
      "120gb",
      "120 gigabytes",
      "120 gigs"
    ]
  },
  {
    "value": "240gb",
    "synonyms": [
      "240gb",
      "240 gigabytes",
      "240 gigs"
    ]
  },
  {
    "value": "360gb",
    "synonyms": [
      "360gb",
      "360 gigabytes",
      "360 gigs"
    ]
  },
  {
    "value": "13gb",
    "synonyms": [
      "13gb",
      "13 gigabytes",
      "13 gigs"
    ]
  },
  {
    "value": "26gb",
    "synonyms": [
      "26gb",
      "26 gigabytes",
      "26 gigs"
    ]
  },
  {
    "value": "52gb",
    "synonyms": [
      "52gb",
      "52 gigabytes",
      "52 gigs"
    ]
  },
  {
    "value": "104gb",
    "synonyms": [
      "104gb",
      "104 gigabytes",
      "104 gigs"
    ]
  },
  {
    "value": "208gb",
    "synonyms": [
      "208gb",
      "208 gigabytes",
      "208 gigs"
    ]
  },
  {
    "value": "416gb",
    "synonyms": [
      "416gb",
      "416 gigabytes",
      "416 gigs"
    ]
  },
  {
    "value": "624gb",
    "synonyms": [
      "624gb",
      "624 gigabytes",
      "624 gigs"
    ]
  },
  {
    "value": "1.8gb",
    "synonyms": [
      "1.8gb",
      "1.8 gigabytes",
      "1.8 gigs"
    ]
  },
  {
    "value": "3.6gb",
    "synonyms": [
      "3.6gb",
      "3.6 gigabytes",
      "3.6 gigs"
    ]
  },
  {
    "value": "7.2gb",
    "synonyms": [
      "7.2gb",
      "7.2 gigabytes",
      "7.2 gigs"
    ]
  },
  {
    "value": "14.4gb",
    "synonyms": [
      "14.4gb",
      "14.4 gigabytes",
      "14.4 gigs"
    ]
  },
  {
    "value": "28.8gb",
    "synonyms": [
      "28.8gb",
      "28.8 gigabytes"
    ]
  },
  {
    "value": "57.6gb",
    "synonyms": [
      "57.6gb",
      "57.6 gigabytes"
    ]
  },
  {
    "value": "86.4gb",
    "synonyms": [
      "86.4gb",
      "86.4 gigabytes"
    ]
  },
  {
    "value": "1.4tb",
    "synonyms": [
      "1.4tb",
      "1.4 terabytes"
    ]
  },
  {
    "value": "961gb",
    "synonyms": [
      "961gb",
      "961 gigabytes"
    ]
  },
  {
    "value": "1.88tb",
    "synonyms": [
      "1.88tb",
      "1.88 terabytes"
    ]
  },
  {
    "value": "3.75tb",
    "synonyms": [
      "3.75tb",
      "3.75 terabytes"
    ]
  }
]