[
  {
    "value": "ubuntu-18-04-x64",
    "synonyms": [
      "ubuntu 18",
      "ubuntu-18-04-x64",
      "ubuntu-18"
    ]
  },
  {
    "value": "fedora-30-x64",
    "synonyms": [
      "fedora-30-x64",
      "fedora 30",
      "fedora-30"
    ]
  },
  {
    "value": "ubuntu-16-04-x64",
    "synonyms": [
      "ubuntu-16-04-x64",
      "ubuntu 16",
      "ubuntu-16"
    ]
  },
  {
    "value": "fedora-31-x64",
    "synonyms": [
      "fedora-31-x64",
      "fedora 31",
      "fedora-31"
    ]
  },
  {
    "value": "freebsd-12-x64-zfs",
    "synonyms": [
      "freebsd-12-x64-zfs",
      "freebsd 12 zfs",
      "freebsd 12 with zfs",
      "freebsd-12-zfs"
    ]
  },
  {
    "value": "freebsd-12-x64",
    "synonyms": [
      "freebsd-12-x64",
      "freebsd 12",
      "freebsd-12"
    ]
  },
  {
    "value": "freebsd-11-x64-zfs",
    "synonyms": [
      "freebsd-11-x64-zfs",
      "freebsd 11 zfs",
      "freebsd 11 with zfs",
      "freebsd-11-zfs"
    ]
  },
  {
    "value": "freebsd-11-x64",
    "synonyms": [
      "freebsd-11-x64",
      "freebsd 11",
      "freebsd-11"
    ]
  },
  {
    "value": "debian-9-x64",
    "synonyms": [
      "debian-9-x64",
      "debian 9"
    ]
  },
  {
    "value": "debian-10-x64",
    "synonyms": [
      "debian-10-x64",
      "debian 10"
    ]
  },
  {
    "value": "centos-8-x64",
    "synonyms": [
      "centos-8-x64",
      "centos 8"
    ]
  },
  {
    "value": "centos-7-x64",
    "synonyms": [
      "centos-7-x64",
      "centos 7"
    ]
  },
  {
    "value": "centos-6-x64",
    "synonyms": [
      "centos-6-x64",
      "centos 6"
    ]
  },
  {
    "value": "centos-8",
    "synonyms": [
      "centos-8"
    ]
  },
  {
    "value": "centos-7",
    "synonyms": [
      "centos-7"
    ]
  },
  {
    "value": "centos-6",
    "synonyms": [
      "centos-6"
    ]
  },
  {
    "value": "coreos-stable",
    "synonyms": [
      "coreos-stable",
      "coreos stable"
    ]
  },
  {
    "value": "coreos-beta",
    "synonyms": [
      "coreos-beta",
      "coreos beta"
    ]
  },
  {
    "value": "coreos-alpha",
    "synonyms": [
      "coreos-alpha",
      "coreos alpha"
    ]
  },
  {
    "value": "debian-10",
    "synonyms": [
      "debian-10"
    ]
  },
  {
    "value": "debian-9",
    "synonyms": [
      "debian-9"
    ]
  },
  {
    "value": "rhel-8",
    "synonyms": [
      "rhel-8",
      "rhel 8",
      "red hat enterprise linux 8"
    ]
  },
  {
    "value": "rhel-7",
    "synonyms": [
      "rhel-7",
      "rhel 7",
      "red hat enterprise linux 7"
    ]
  },
  {
    "value": "rhel-6",
    "synonyms": [
      "rhel-6",
      "rhel 6",
      "red hat enterprise linux 6"
    ]
  },
  {
    "value": "ubuntu-1910",
    "synonyms": [
      "ubuntu-1910"
    ]
  },
  {
    "value": "ubuntu-minimal-1910",
    "synonyms": [
      "ubuntu-minimal-1910"
    ]
  },
  {
    "value": "ubuntu-1804-lts",
    "synonyms": [
      "ubuntu-1804-lts"
    ]
  },
  {
    "value": "ubuntu-minimal-1804-lts",
    "synonyms": [
      "ubuntu-minimal-1804-lts"
    ]
  },
  {
    "value": "ubuntu-1604-lts",
    "synonyms": [
      "ubuntu-1604-lts"
    ]
  },
  {
    "value": "ubuntu-minimal-1604-lts",
    "synonyms": [
      "ubuntu-minimal-1604-lts"
    ]
  }
]