[
  {
    "value": "1vcpu",
    "synonyms": [
      "1vcpu",
      "1 cpu",
      "1 vcpu",
      "1cpu"
    ]
  },
  {
    "value": "2vcpu",
    "synonyms": [
      "2vcpu",
      "2 cpu",
      "2cpu",
      "2 vcpu"
    ]
  },
  {
    "value": "3vcpu",
    "synonyms": [
      "3vcpu",
      "3 vcpu",
      "3 cpu",
      "3cpu"
    ]
  },
  {
    "value": "4vcpu",
    "synonyms": [
      "4vcpu",
      "4 vcpu",
      "4 cpu",
      "4cpu"
    ]
  },
  {
    "value": "n1-standard-1",
    "synonyms": [
      "n1-standard-1",
      "n1 standard 1"
    ]
  },
  {
    "value": "n1-standard-2",
    "synonyms": [
      "n1-standard-2",
      "n1 standard 2"
    ]
  },
  {
    "value": "n1-standard-4",
    "synonyms": [
      "n1-standard-4",
      "n1 standard 4"
    ]
  },
  {
    "value": "n1-standard-8",
    "synonyms": [
      "n1-standard-8",
      "n1 standard 8"
    ]
  },
  {
    "value": "n1-standard-16",
    "synonyms": [
      "n1-standard-16",
      "n1 standard 16"
    ]
  },
  {
    "value": "n1-standard-32",
    "synonyms": [
      "n1-standard-32",
      "n1 standard 32"
    ]
  },
  {
    "value": "n1-standard-64",
    "synonyms": [
      "n1-standard-64",
      "n1 standard 64"
    ]
  },
  {
    "value": "n1-standard-96",
    "synonyms": [
      "n1-standard-96",
      "n1 standard 96"
    ]
  },
  {
    "value": "n1-highmem-2",
    "synonyms": [
      "n1-highmem-2",
      "n1 highmem 2"
    ]
  },
  {
    "value": "n1-highmem-4",
    "synonyms": [
      "n1-highmem-4",
      "n1 highmem 4"
    ]
  },
  {
    "value": "n1-highmem-8",
    "synonyms": [
      "n1-highmem-8",
      "n1 highmem 8"
    ]
  },
  {
    "value": "n1-highmem-16",
    "synonyms": [
      "n1-highmem-16",
      "n1 highmem 16"
    ]
  },
  {
    "value": "n1-highmem-32",
    "synonyms": [
      "n1-highmem-32",
      "n1 highmem 32"
    ]
  },
  {
    "value": "n1-highmem-64",
    "synonyms": [
      "n1-highmem-64",
      "n1 highmam 64"
    ]
  },
  {
    "value": "n1-highmem-96",
    "synonyms": [
      "n1-highmem-96",
      "n1 highmem 96"
    ]
  },
  {
    "value": "n1-highcpu-2",
    "synonyms": [
      "n1-highcpu-2",
      "n1 highcpu 2"
    ]
  },
  {
    "value": "n1-highcpu-4",
    "synonyms": [
      "n1-highcpu-4",
      "n1 highcpu 4"
    ]
  },
  {
    "value": "n1-highcpu-8",
    "synonyms": [
      "n1-highcpu-8",
      "n1 highcpu 8"
    ]
  },
  {
    "value": "n1-highcpu-16",
    "synonyms": [
      "n1-highcpu-16",
      "n1 highcpu 16"
    ]
  },
  {
    "value": "n1-highcpu-32",
    "synonyms": [
      "n1-highcpu-32",
      "n1 highcpu 32"
    ]
  },
  {
    "value": "n1-highcpu-64",
    "synonyms": [
      "n1-highcpu-64",
      "n1 highcpu 64"
    ]
  },
  {
    "value": "n1-highcpu-96",
    "synonyms": [
      "n1-highcpu-96",
      "n1 highcpu 96"
    ]
  }
]