[
  {
    "value": "DigitalOcean",
    "synonyms": [
      "DigitalOcean",
      "digitalocean",
      "digital ocean"
    ]
  },
  {
    "value": "Google Cloud",
    "synonyms": [
      "Google Cloud",
      "GCP"
    ]
  },
  {
    "value": "Amazon Web Services",
    "synonyms": [
      "Amazon Web Services",
      "AWS",
      "Amazon AWS"
    ]
  },
  {
    "value": "Microsoft Azure",
    "synonyms": [
      "Microsoft Azure",
      "Azure",
      "MS Azure",
      "Azure Web Services"
    ]
  }
]