[
  {
    "value": "nyc3",
    "synonyms": [
      "nyc",
      "New York",
      "nyc1",
      "nyc3"
    ]
  },
  {
    "value": "sfo2",
    "synonyms": [
      "sfo",
      "sf",
      "San Francisco",
      "sfo2"
    ]
  },
  {
    "value": "ams3",
    "synonyms": [
      "ams",
      "amsterdam",
      "ams3"
    ]
  },
  {
    "value": "sgp1",
    "synonyms": [
      "sgp1",
      "sgp",
      "singapore"
    ]
  },
  {
    "value": "lon1",
    "synonyms": [
      "lon1",
      "lon",
      "london"
    ]
  },
  {
    "value": "fra1",
    "synonyms": [
      "fra1",
      "fra",
      "frankfurt"
    ]
  },
  {
    "value": "tor1",
    "synonyms": [
      "tor1",
      "tor",
      "toronto"
    ]
  },
  {
    "value": "blr1",
    "synonyms": [
      "blr1",
      "blr",
      "bangalore",
      "bengaluru"
    ]
  },
  {
    "value": "us-east-2",
    "synonyms": [
      "us-east-2",
      "Ohio"
    ]
  },
  {
    "value": "us-east-1",
    "synonyms": [
      "us-east-1"
    ]
  },
  {
    "value": "us-west-1",
    "synonyms": [
      "us-west-1"
    ]
  },
  {
    "value": "us-west-2",
    "synonyms": [
      "us-west-2"
    ]
  },
  {
    "value": "ap-east-1",
    "synonyms": [
      "ap-east-1"
    ]
  },
  {
    "value": "ap-south-1",
    "synonyms": [
      "ap-south-1"
    ]
  },
  {
    "value": "ap-northeast-3",
    "synonyms": [
      "ap-northeast-3"
    ]
  },
  {
    "value": "ap-northeast-2",
    "synonyms": [
      "ap-northeast-2"
    ]
  },
  {
    "value": "ap-southeast-1",
    "synonyms": [
      "ap-southeast-1"
    ]
  },
  {
    "value": "ap-southeast-2",
    "synonyms": [
      "ap-southeast-2"
    ]
  },
  {
    "value": "ap-northeast-1",
    "synonyms": [
      "ap-northeast-1"
    ]
  },
  {
    "value": "ca-central-1",
    "synonyms": [
      "ca-central-1"
    ]
  },
  {
    "value": "eu-central-1",
    "synonyms": [
      "eu-central-1"
    ]
  },
  {
    "value": "eu-west-1",
    "synonyms": [
      "eu-west-1"
    ]
  },
  {
    "value": "eu-west-2",
    "synonyms": [
      "eu-west-2"
    ]
  },
  {
    "value": "eu-west-3",
    "synonyms": [
      "eu-west-3"
    ]
  },
  {
    "value": "eu-north-1",
    "synonyms": [
      "eu-north-1"
    ]
  },
  {
    "value": "me-south-1",
    "synonyms": [
      "me-south-1"
    ]
  },
  {
    "value": "sa-east-1",
    "synonyms": [
      "sa-east-1"
    ]
  },
  {
    "value": "asia-east1",
    "synonyms": [
      "asia-east1"
    ]
  },
  {
    "value": "asia-east2",
    "synonyms": [
      "asia-east2"
    ]
  },
  {
    "value": "asia-northeast1",
    "synonyms": [
      "asia-northeast1"
    ]
  },
  {
    "value": "asia-northeast2",
    "synonyms": [
      "asia-northeast2"
    ]
  },
  {
    "value": "asia-northeast3",
    "synonyms": [
      "asia-northeast3"
    ]
  },
  {
    "value": "asia-south1",
    "synonyms": [
      "asia-south1"
    ]
  },
  {
    "value": "asia-southeast1",
    "synonyms": [
      "asia-southeast1"
    ]
  },
  {
    "value": "australia-southeast1",
    "synonyms": [
      "australia-southeast1"
    ]
  },
  {
    "value": "europe-west1",
    "synonyms": [
      "europe-west1"
    ]
  },
  {
    "value": "europe-west2",
    "synonyms": [
      "europe-west2"
    ]
  },
  {
    "value": "europe-west3",
    "synonyms": [
      "europe-west3"
    ]
  },
  {
    "value": "europe-west4",
    "synonyms": [
      "europe-west4"
    ]
  },
  {
    "value": "europe-west6",
    "synonyms": [
      "europe-west6"
    ]
  },
  {
    "value": "northamerica-northeast1",
    "synonyms": [
      "northamerica-northeast1"
    ]
  },
  {
    "value": "southamerica-east1",
    "synonyms": [
      "southamerica-east1"
    ]
  },
  {
    "value": "us-central1",
    "synonyms": [
      "us-central1"
    ]
  },
  {
    "value": "us-east1",
    "synonyms": [
      "us-east1"
    ]
  },
  {
    "value": "us-east4",
    "synonyms": [
      "us-east4"
    ]
  },
  {
    "value": "us-west1",
    "synonyms": [
      "us-west1"
    ]
  },
  {
    "value": "us-west2",
    "synonyms": [
      "us-west2"
    ]
  },
  {
    "value": "us-west3",
    "synonyms": [
      "us-west3"
    ]
  }
]