[
  {
    "id": "a966275e-6ef0-470a-90a5-bb25081050fd",
    "data": [
      {
        "text": "make a virtual machine",
        "userDefined": false
      }
    ],
    "isTemplate": false,
    "count": 0,
    "updated": 0
  },
  {
    "id": "8a07627b-16db-4c0b-8601-d4fa19a4e915",
    "data": [
      {
        "text": "make a vm",
        "userDefined": false
      }
    ],
    "isTemplate": false,
    "count": 0,
    "updated": 0
  },
  {
    "id": "b92d520e-cfe8-4cf7-99f5-d44f450effcb",
    "data": [
      {
        "text": "deploy a virtual machine",
        "userDefined": false
      }
    ],
    "isTemplate": false,
    "count": 0,
    "updated": 0
  },
  {
    "id": "7c2a1851-d8aa-4c09-92c2-e95bd87efdaf",
    "data": [
      {
        "text": "add a virtual machine",
        "userDefined": false
      }
    ],
    "isTemplate": false,
    "count": 0,
    "updated": 0
  },
  {
    "id": "1dd8a79a-0bba-49d4-b7c8-5192994c0288",
    "data": [
      {
        "text": "set up a virtual machine",
        "userDefined": false
      }
    ],
    "isTemplate": false,
    "count": 0,
    "updated": 0
  },
  {
    "id": "9e624bea-06f8-494e-b0c6-19830df7fe45",
    "data": [
      {
        "text": "add a vm",
        "userDefined": false
      }
    ],
    "isTemplate": false,
    "count": 0,
    "updated": 0
  },
  {
    "id": "44e0e575-4e4b-4af4-8d36-ef5124688bd8",
    "data": [
      {
        "text": "deploy a vm",
        "userDefined": false
      }
    ],
    "isTemplate": false,
    "count": 0,
    "updated": 0
  },
  {
    "id": "fd2aa6b5-7a3a-42c3-abc7-bcf4ef9b4a04",
    "data": [
      {
        "text": "set up a vm",
        "userDefined": false
      }
    ],
    "isTemplate": false,
    "count": 0,
    "updated": 0
  }
]