[
  {
    "id": "b973f36e-3f49-4e30-bb6d-0b6c78f28050",
    "data": [
      {
        "text": "I would like digitalocean",
        "userDefined": false
      }
    ],
    "isTemplate": false,
    "count": 0,
    "updated": 0
  },
  {
    "id": "06803117-d05a-4fbc-aa04-a222ecc5a477",
    "data": [
      {
        "text": "I would prefer ",
        "userDefined": false
      },
      {
        "text": "digitalocean",
        "meta": "@sys.ignore",
        "userDefined": true
      }
    ],
    "isTemplate": false,
    "count": 0,
    "updated": 0
  },
  {
    "id": "fc9bf2e5-9127-45c5-ae85-65398ee1befb",
    "data": [
      {
        "text": "I\u0027d like digital ocean",
        "userDefined": false
      }
    ],
    "isTemplate": false,
    "count": 0,
    "updated": 0
  },
  {
    "id": "7dcd2609-3b87-421e-b7ed-33ef84c937fd",
    "data": [
      {
        "text": "I\u0027d prefer digitalocean",
        "userDefined": false
      }
    ],
    "isTemplate": false,
    "count": 0,
    "updated": 0
  },
  {
    "id": "88ce12e4-1c89-4ee1-9250-a5fe6de671c7",
    "data": [
      {
        "text": "I wanna deploy on",
        "userDefined": false
      }
    ],
    "isTemplate": false,
    "count": 0,
    "updated": 0
  },
  {
    "id": "16a3b0ee-3d80-4744-b394-78ff76b733d9",
    "data": [
      {
        "text": "On",
        "userDefined": false
      }
    ],
    "isTemplate": false,
    "count": 0,
    "updated": 0
  },
  {
    "id": "11ca3ae4-0542-4a52-88fe-5ad4dd3d29bc",
    "data": [
      {
        "text": "Make on",
        "userDefined": false
      }
    ],
    "isTemplate": false,
    "count": 0,
    "updated": 0
  },
  {
    "id": "8531a6dc-d8fd-4ed2-80d0-282054673687",
    "data": [
      {
        "text": "Save on",
        "userDefined": false
      }
    ],
    "isTemplate": false,
    "count": 0,
    "updated": 0
  },
  {
    "id": "92e3ce7d-0be6-4397-8934-afa94c144c18",
    "data": [
      {
        "text": "Add on",
        "userDefined": false
      }
    ],
    "isTemplate": false,
    "count": 0,
    "updated": 0
  },
  {
    "id": "754bd214-2a6f-476e-9090-d83245cffbce",
    "data": [
      {
        "text": "Deploy on",
        "userDefined": false
      }
    ],
    "isTemplate": false,
    "count": 0,
    "updated": 0
  },
  {
    "id": "1bcff15b-d70e-43f8-bc50-ee9985ee6d3c",
    "data": [
      {
        "text": "I want to deploy on",
        "userDefined": false
      }
    ],
    "isTemplate": false,
    "count": 0,
    "updated": 0
  },
  {
    "id": "5d527ed6-0448-4a5e-ab1a-1c72e829f80c",
    "data": [
      {
        "text": "I would like to deploy on",
        "userDefined": false
      }
    ],
    "isTemplate": false,
    "count": 0,
    "updated": 0
  },
  {
    "id": "1ba2f25d-e8f8-4139-a0a2-629bfebc9589",
    "data": [
      {
        "text": "Digitalocean",
        "alias": "provider",
        "meta": "@provider",
        "userDefined": false
      }
    ],
    "isTemplate": false,
    "count": 0,
    "updated": 0
  },
  {
    "id": "d8dbb3c0-dfca-4a9b-b52d-f92aaed69089",
    "data": [
      {
        "text": "MS Azure",
        "alias": "provider",
        "meta": "@provider",
        "userDefined": false
      }
    ],
    "isTemplate": false,
    "count": 0,
    "updated": 0
  },
  {
    "id": "5622b3be-3488-4ba4-84a2-db920ad3c1f7",
    "data": [
      {
        "text": "Microsoft Azure",
        "alias": "provider",
        "meta": "@provider",
        "userDefined": false
      }
    ],
    "isTemplate": false,
    "count": 0,
    "updated": 0
  },
  {
    "id": "53a36777-9f27-4566-b2f9-ce8b2f09cd40",
    "data": [
      {
        "text": "Azure",
        "alias": "provider",
        "meta": "@provider",
        "userDefined": false
      }
    ],
    "isTemplate": false,
    "count": 0,
    "updated": 0
  },
  {
    "id": "ee2cc9f4-ab2f-4592-9946-8104a3802ee8",
    "data": [
      {
        "text": "Amazon Web Services",
        "alias": "provider",
        "meta": "@provider",
        "userDefined": false
      }
    ],
    "isTemplate": false,
    "count": 0,
    "updated": 0
  },
  {
    "id": "7cc3440a-ff79-429a-9c36-27aaf21431db",
    "data": [
      {
        "text": "AWS",
        "alias": "provider",
        "meta": "@provider",
        "userDefined": false
      }
    ],
    "isTemplate": false,
    "count": 0,
    "updated": 0
  },
  {
    "id": "23467d85-ff64-41eb-81f5-4e65ae0dccef",
    "data": [
      {
        "text": "GCP",
        "alias": "provider",
        "meta": "@provider",
        "userDefined": false
      }
    ],
    "isTemplate": false,
    "count": 0,
    "updated": 0
  },
  {
    "id": "71783b71-ebdf-4577-9151-59662bf93e67",
    "data": [
      {
        "text": "Google Cloud",
        "alias": "provider",
        "meta": "@provider",
        "userDefined": false
      }
    ],
    "isTemplate": false,
    "count": 0,
    "updated": 0
  },
  {
    "id": "ca911824-944c-4f7d-b3ca-d75534fe0c7f",
    "data": [
      {
        "text": "Digital Ocean",
        "alias": "provider",
        "meta": "@provider",
        "userDefined": false
      }
    ],
    "isTemplate": false,
    "count": 1,
    "updated": 0
  }
]