[
  {
    "id": "ebf7761a-8ed8-4e51-affe-fda14a9e3c77",
    "data": [
      {
        "text": "I\u0027d ",
        "userDefined": false
      },
      {
        "text": "like",
        "meta": "@sys.ignore",
        "userDefined": true
      },
      {
        "text": " a ",
        "userDefined": false
      },
      {
        "text": "2gb",
        "alias": "memory",
        "meta": "@memory",
        "userDefined": true
      },
      {
        "text": " machine with ",
        "userDefined": false
      },
      {
        "text": "2cpus",
        "alias": "processor",
        "meta": "@processor",
        "userDefined": true
      },
      {
        "text": ", in ",
        "userDefined": false
      },
      {
        "text": "amsterdam",
        "alias": "region",
        "meta": "@region",
        "userDefined": true
      },
      {
        "text": " with ",
        "userDefined": false
      },
      {
        "text": "ubuntu 18",
        "alias": "os",
        "meta": "@ostype",
        "userDefined": false
      }
    ],
    "isTemplate": false,
    "count": 0,
    "updated": 0
  },
  {
    "id": "5b8997f5-5350-456a-88af-8c0d45c1ef45",
    "data": [
      {
        "text": "okie",
        "userDefined": false
      }
    ],
    "isTemplate": false,
    "count": 0,
    "updated": 0
  },
  {
    "id": "2497e9a4-4b0f-4075-84a7-c09138022c20",
    "data": [
      {
        "text": "awright",
        "userDefined": false
      }
    ],
    "isTemplate": false,
    "count": 0,
    "updated": 0
  },
  {
    "id": "e8db3e57-209f-414a-b75a-1dd3fbc84e61",
    "data": [
      {
        "text": "great",
        "userDefined": false
      }
    ],
    "isTemplate": false,
    "count": 0,
    "updated": 0
  },
  {
    "id": "c374b277-ee1d-435a-9153-f362cd0a5377",
    "data": [
      {
        "text": "sure thing",
        "userDefined": false
      }
    ],
    "isTemplate": false,
    "count": 0,
    "updated": 0
  },
  {
    "id": "54a26072-ce4d-40ad-8236-5d81f40a51e1",
    "data": [
      {
        "text": "sure",
        "userDefined": false
      }
    ],
    "isTemplate": false,
    "count": 0,
    "updated": 0
  },
  {
    "id": "5293ec09-d02c-4268-b449-355019bc7f16",
    "data": [
      {
        "text": "here\u0027s the deets",
        "userDefined": false
      }
    ],
    "isTemplate": false,
    "count": 0,
    "updated": 0
  },
  {
    "id": "c37c4312-6d94-4b22-a043-dd2c56b6c278",
    "data": [
      {
        "text": "here\u0027s the details",
        "userDefined": false
      }
    ],
    "isTemplate": false,
    "count": 0,
    "updated": 0
  },
  {
    "id": "17f00862-9130-43e2-b3c9-43047a6a7ad6",
    "data": [
      {
        "text": "details follow",
        "userDefined": false
      }
    ],
    "isTemplate": false,
    "count": 0,
    "updated": 0
  },
  {
    "id": "3dfdbe9a-10e8-45a7-ae51-8af2961e4ec8",
    "data": [
      {
        "text": "details are as follows",
        "userDefined": false
      }
    ],
    "isTemplate": false,
    "count": 0,
    "updated": 0
  },
  {
    "id": "727538a5-b88e-4478-bddd-62eb458551af",
    "data": [
      {
        "text": "these are the details",
        "userDefined": false
      }
    ],
    "isTemplate": false,
    "count": 0,
    "updated": 0
  },
  {
    "id": "e4cf7c36-2105-47e2-aafd-a8f3cecb8992",
    "data": [
      {
        "text": "here are the details",
        "userDefined": false
      }
    ],
    "isTemplate": false,
    "count": 0,
    "updated": 0
  },
  {
    "id": "252f567c-582a-4807-90f3-5a35bcd733e9",
    "data": [
      {
        "text": "details",
        "userDefined": false
      }
    ],
    "isTemplate": false,
    "count": 0,
    "updated": 0
  },
  {
    "id": "2a685db4-2a44-4203-ac66-880dbca00d4d",
    "data": [
      {
        "text": "here",
        "userDefined": false
      }
    ],
    "isTemplate": false,
    "count": 0,
    "updated": 0
  },
  {
    "id": "745bc5ae-809c-416e-bf0b-57e7fdce977a",
    "data": [
      {
        "text": "fine",
        "userDefined": false
      }
    ],
    "isTemplate": false,
    "count": 0,
    "updated": 0
  },
  {
    "id": "ae2f1fc8-74e8-4494-976b-81631952131b",
    "data": [
      {
        "text": "yeah",
        "userDefined": false
      }
    ],
    "isTemplate": false,
    "count": 1,
    "updated": 0
  },
  {
    "id": "910f454c-1691-4778-bd9c-092ad72fcf56",
    "data": [
      {
        "text": "alright",
        "userDefined": false
      }
    ],
    "isTemplate": false,
    "count": 0,
    "updated": 0
  },
  {
    "id": "c3878ced-b26c-4dc9-9219-5e425239779c",
    "data": [
      {
        "text": "ok",
        "userDefined": false
      }
    ],
    "isTemplate": false,
    "count": 0,
    "updated": 0
  }
]